1,"クリスマスミッキー",1,2,3,,,7
2,"クリスマスミニー",2,3,,,,6
3,"コンサートミッキー",1,2,4,7,21,36
4,"クリスマスデイジー",1,2,3,,,7
5,"クリスマスドナルド",2,3,,,,6
6,"クリスマスプルート",2,3,,,,6
7,"クリスマスグーフィー",2,3,,,,6
8,"ピート",2,3,6,8,10,30
9,"バレンタインミニー",1,2,3,,,7
10,"バレンタインデイジー",2,3,,,,6
11,"かぼちゃミッキー",2,4,,,,7
12,"かぼちゃミニー",2,4,,,,7
13,"ホーンハットミッキー",1,2,4,7,20,35
14,"キャットハットミニー",1,2,4,7,20,35
15,"ほねほねプルート",2,2,,,,5
16,"かぼちゃチップ",1,2,4,7,14,29
17,"おばけデール",1,2,4,7,14,29
18,"ウサプー",2,3,,,,6
19,"ウサティガー",2,4,,,,7
20,"ラビット",1,1,,,,3
21,"ハチプー",2,4,,,,7
22,"スティッチ",2,3,4,6,18,34
23,"スクランプ",2,3,4,6,12,28
24,"ハワイアンスティッチ",1,2,4,7,21,36
25,"エンジェル",1,2,4,7,21,36
26,"リロ",1,1,,,,3
27,"ウッディ",2,3,4,6,18,34
28,"バズライトイヤー",2,3,4,6,16,32
29,"ジェシー",2,3,4,6,18,34
30,"ロッツォ",2,3,4,6,20,36
31,"リトルグリーンメン",1,1,,,,3
32,"レックス",1,2,4,7,21,36
33,"アリス",2,3,4,6,20,36
34,"白うさぎ",2,3,4,6,16,32
35,"チェシャ猫",2,3,4,6,14,30
36,"ヤングオイスター",2,3,4,6,20,36
37,"マイク",2,3,4,6,18,34
38,"サリー(Mインク)",2,3,4,6,20,36
39,"ランドール",1,2,4,7,21,36
40,"ジャック",2,3,4,6,16,32
41,"サリー(NBC)",2,3,4,6,16,32
42,"ゼロ",2,3,4,6,12,28
43,"サンタジャック",,,,,,1
44,"バンビ",2,3,4,6,16,32
45,"とんすけ",2,3,4,6,18,34
46,"ミスバニー",2,3,4,6,18,34
47,"エルサ",2,3,4,6,18,34
48,"アナ",2,3,4,6,18,34
49,"オラフ",2,3,4,6,18,34
50,"スヴェン",2,3,4,6,16,32
51,"サプライズエルサ",1,2,4,7,21,36
52,"バースデーアナ",1,2,4,7,21,36
53,"アリエル",2,3,4,6,18,34
54,"フランダー",2,3,4,6,16,32
55,"セバスチャン",2,3,4,6,16,32
56,"トリトン王",1,2,4,7,21,36
57,"ロマンスアリエル",1,2,4,7,21,36
58,"スカットル",2,2,,,,5
59,"ラプンツェル",2,3,4,6,18,34
60,"パスカル",2,3,4,6,16,32
61,"野獣",1,2,4,7,21,36
62,"ベル",1,2,4,7,20,35
63,"マックィーン",1,2,4,7,21,36
64,"メーター",1,2,4,7,21,36
65,"ジャスミン",1,2,4,7,21,36
66,"アラジン",1,2,4,7,21,36
67,"ジーニー",1,2,4,7,21,36
68,"アブー",,,,,,17
69,"ピノキオ",1,2,4,7,21,36
70,"ジミニー",1,2,4,7,21,36
71,"ベイマックス",2,3,4,6,18,34
72,"マレフィセント",2,3,4,6,20,36
73,"オズワルド",1,1,,,,3
74,"ソーサラーミッキー",2,3,4,6,20,36
75,"ペリー",2,3,4,6,16,32
76,"ダンボ",2,3,4,6,18,34
77,"ティンカーベル",2,3,4,6,19,35
78,"レディ",2,3,4,6,12,28
79,"マリー",2,3,4,6,14,30
80,"ミッキー",2,4,,,,7
81,"ミニー",2,4,,,,7
82,"ドナルド",2,4,,,,7
83,"デイジー",2,4,,,,7
84,"グーフィー",2,4,,,,7
85,"プルート",2,4,,,,7
86,"チップ",2,4,,,,7
87,"デール",2,4,,,,7
88,"プー",2,4,,,,7
89,"ピグレット",2,4,,,,7
90,"ティガー",2,4,,,,7
91,"イーヨー",2,4,,,,7
92,"ルー",2,4,,,,7
93,"クリストファーロビン",2,4,,,,7
94,"ヨーダ",1,2,4,7,20,35
95,R2D2,1,2,4,7,14,29
96,"ルーク",1,2,4,8,16,32
97,"ダースベイダー",1,2,4,7,21,36
98,C3PO,,,,,,9
99,"レイア姫",1,1,1,1,1,6
100,BB8,1,2,4,7,14,29
101,"クラリス",1,2,4,8,16,32
102,"モカ",1,2,4,8,16,32
103,"プリン",1,2,4,7,14,29
104,"マックス",1,2,4,7,14,29
105,"オーロラ姫",1,2,4,8,16,32
106,"白雪姫",1,2,4,8,16,32
107,"ブライドラプンツェル",1,2,4,8,16,32
108,"ナラ",1,2,4,8,16,32
109,"シンバ",1,2,4,8,16,32
110,"スカー",1,2,4,8,20,36
111,"アーロ",1,2,4,8,16,32
112,"ザズー",1,1,,,,3
113,"アースラ",1,2,4,8,20,36
114,"女王",1,2,4,8,20,36
115,"マレフィセントドラゴン",1,2,4,8,20,36
116,"フィニック",1,2,4,7,14,29
117,"ニック",1,2,4,8,16,32
118,"ジュディ",1,2,4,8,16,32
119,"カイロレン",1,2,4,8,20,36
120,"レイ",1,2,4,8,16,32
121,"シンデレラ",1,2,4,8,16,32
122,"フェアリーゴッドマザー",1,2,4,8,20,36
123,"スフレ",1,2,4,7,14,29
124,"うさぎどん",,,,,,1
125,"プリンスチャーミング",1,1,1,1,1,6
126,"おしゃれマッドハッター",1,2,4,8,16,32
127,"マッドハッター",1,2,4,8,16,32
128,"ワンダーランドアリス",1,2,4,8,16,32
129,"ハートの女王",1,2,4,8,20,36
130,"ニモ",1,2,4,8,16,32
131,"ドリー",1,2,4,8,16,32
132,"クラッシュ",1,2,4,8,16,32
133,"モーグリ",1,2,4,8,16,32
134,"ジャックスパロウ",1,2,4,8,20,36
135,"エリザベススワン",1,2,4,8,16,32
136,"デイヴィジョーンズ",1,2,4,8,20,36
137,"フック船長",1,2,4,8,20,36
138,"ジャファー",1,2,4,8,20,36
139,"クルエラ",1,2,4,8,20,36
140,"ジョーカーグーフィー",1,1,,,,3
141,"パレードミッキー",1,2,4,8,20,36
142,"パレードティンク",1,2,4,8,16,32
143,"蒸気船ピート",1,2,4,8,20,36
144,"蒸気船ミッキー",1,2,4,8,16,32
145,"蒸気船ミニー",1,2,4,7,13,28
146,"ジェダイルーク",1,2,4,8,20,36
147,K2SO,1,2,4,7,14,29
148,"ハンソロ",1,2,4,8,20,36
149,"チューバッカ",1,2,4,8,20,36
150,"デストルーパー",1,1,,,,3
151,"スクルージ",2,3,3,3,3,15
152,"ヒロ",1,2,4,8,14,30
153,"ベイマックス2.0",1,2,4,8,20,36
154,"パフィー",1,2,4,7,14,29
155,"ホイップ",1,2,4,7,14,29
156,"3月うさぎ",1,1,,,,3
157,"三銃士ミッキー",1,2,4,8,20,36
158,"三銃士ドナルド",1,2,4,8,16,32
159,"三銃士グーフィー",1,2,4,8,16,32
160,"ミニー姫",1,1,,,,3
161,"忍者ドナルド",1,2,4,8,20,36
162,"お姫様デイジー",1,2,4,7,14,29
163,"キュートエルサ",1,2,4,7,14,29
164,"キュートアナ",1,2,4,7,14,29
165,"サマーオラフ",1,2,4,7,14,29
166,"モアナ",1,2,4,7,14,29
167,"マウイ",1,2,4,7,14,29
168,"ヘラクレス",1,2,4,7,14,29
169,"ファンタズミックミッキー",1,2,4,8,20,36
170,"フィリップ王子",1,2,4,7,14,29
171,"メグ",1,1,1,1,1,6
172,"ハデス",1,2,4,8,20,36
173,"ソラ",1,2,4,8,20,36
174,"リク",1,2,4,8,16,32
175,"ロマンスベル",1,2,4,8,16,32
176,"ロマンス野獣",1,2,4,8,20,36
177,"ポット夫人",1,1,,,,3
178,"ガストン",1,2,4,8,20,36
179,"ルミエール",1,2,4,7,14,29
180,"ハッピーラプンツェル",1,2,4,8,20,36
181,"フリンライダー",1,2,4,8,16,32
182,"マキシマス",1,2,4,7,14,29
183,"ムーラン",1,2,4,8,16,32
184,"ポカホンタス",1,2,4,8,16,32
185,"鍵犬",1,1,,,,3
186,"パイレーツミッキー",1,2,4,8,20,36
187,"パイレーツスティッチ",1,2,4,7,14,29
188,"パイレーツクラリス",1,2,4,7,14,29
189,"ヤングジャックスパロウ",1,2,4,8,16,32
190,"サラザール",1,2,4,8,20,36
191,"MUマイク",1,2,4,8,20,36
192,"クルーズラミレス",1,2,4,8,20,36
193,"ジェットパックエイリアン",1,2,4,8,16,32
194,"ウォーリー",1,2,4,7,14,29
195,"カールじいさん",1,2,4,7,14,29
196,"ピーターパン",1,2,4,8,16,32
197,"ティモシー",1,2,4,7,14,29
198,"パッチ",1,2,4,7,14,29
199,"ブルーフェアリー",1,2,4,8,20,36
200,"トランプ",1,2,4,7,14,29
201,"パンプキンキング",1,2,4,8,20,36
202,"ブギー",1,2,4,8,20,36
203,"ハロウィンソラ",1,2,4,8,20,36
204,"まきまきドナルド",1,2,4,7,14,29
205,"ねじねじグーフィー",1,2,4,7,14,29
206,"バットハットミニー",1,1,,,,3
207,"ごきげんプー",1,2,4,8,20,36
208,"オウル",1,2,4,7,14,29
209,"ランピー",1,2,4,8,16,32
210,"さむがりピグレット",1,2,4,7,14,29
211,"ドロッセル",1,2,4,8,20,36
212,"ホリデーベイマックス",1,2,4,8,20,36
213,"ホリデーマリー",1,2,4,7,14,29
214,"ホリデードナルド",1,2,4,7,14,29
215,"ハッピー白雪姫",1,2,4,8,20,36
216,"王子",1,2,4,7,14,29
217,"アイドルデール",1,2,4,8,16,32
218,"アイドルチップ",1,2,4,8,16,32
219,"ウィンターベル",1,2,4,8,20,36
220,"ウィンターシンデレラ",1,2,4,8,20,36
221,"ウィンターオーロラ姫",1,2,4,8,20,36
222,"コグスワース",1,2,4,7,14,29
223,"チェルナボーグ",1,2,4,8,20,36
224,"イェンシッド",1,2,4,8,20,36
225,"プラクティカル",1,2,4,7,14,29
226,"ビッグバッドウルフ",1,2,4,8,16,32
227,"D23スペシャルミッキー",1,2,4,8,20,36
228,"スペースレンジャーバズ",1,2,4,8,20,36
229,"ザーグ",1,2,4,8,20,36
230,"ウッディ保安官",1,2,4,8,20,36
231,"ミゲル",1,2,4,7,14,29
232,"ホリデーオラフ",1,2,4,7,14,29
233,"警察官ジュディ",1,2,4,8,16,32
234,"警察官ニック",1,2,4,8,16,32
235,"フラッシュ",1,2,4,7,14,29
236,"クロウハウザー",1,2,4,7,14,29
237,"スプリングミスバニー",1,2,4,7,14,29
238,"アイアンマン",1,2,4,8,20,36
239,"スパイダーマン",1,2,4,8,20,36
240,"キャプテンアメリカ",1,2,4,8,20,36
241,"サノス",1,2,4,8,20,36
242,"ホセ",1,2,4,7,14,29
243,"パンチート",1,2,4,7,14,29
244,"カバレロドナルド",1,1,,,,3
245,"ブライドアリエル",1,2,4,8,16,32
246,"ティアナ",1,2,4,7,14,29
247,"ブライドジャスミン",1,2,4,8,16,32
248,"メリダ",1,2,4,7,14,29
249,"エスメラルダ",1,2,4,7,14,29
250,"ストームトルーパー",1,2,3,6,14,27
251,"トップハットジーニー",1,2,4,8,20,36
252,"魔人ジャファー",1,2,4,8,20,36
253,"アリ王子",1,2,4,7,14,29
254,"ソフィア",1,2,4,7,14,29
255,"ユーモラスドロッセル",1,2,4,8,20,36
256,"怖がらせ屋サリー",1,2,4,8,20,36
257,"ハッピーマイク",1,2,4,8,20,36
258,"ミスターインクレディブル",1,2,4,8,16,32
259,"ミセスインクレディブル",1,2,4,8,16,32
260,"ブー(Mインク)",1,2,4,7,14,29
261,"ジャックジャック",1,2,4,8,20,36
262,"あばれんぼスティッチ",1,2,4,8,20,36
263,"ジャンバ博士",1,2,4,7,14,29
264,"プリークリー",1,2,4,7,14,29
265,"カイリ",1,2,4,8,16,32
266,"アクア",1,2,4,8,20,36
267,"いたずらジャック",1,2,4,8,20,36
268,"ロック",1,2,4,8,16,32
269,"ヴァンパイアテディ",1,2,4,7,14,29
270,"ガジェット",1,1,,,,3
271,"おやすみプー",1,2,4,8,20,36
272,"ゴーファー",1,2,4,7,14,29
273,"アニバーサリーミッキー",1,2,4,8,20,36
274,"クラシックミッキー",1,2,4,8,16,32
275,"豆の木ミッキー",1,2,4,8,16,32
276,"アニバーサリーミニー",1,1,,,,3
277,"フィガロ",1,2,4,7,14,29
278,"クレオ",1,2,4,7,14,29
279,"ラルフ",1,2,4,8,20,36
280,"ヴァネロペ",1,2,4,8,20,36
281,"雪だるまチップ",1,2,4,7,14,29
282,"雪だるまデール",1,2,4,7,14,29
283,"フェリックス",1,2,4,8,16,32
284,"プンバァ",1,2,4,7,14,29
285,"雪の女王エルサ",1,2,4,8,20,36
286,"邪悪な妖精マレフィセント",1,2,4,8,20,36
287,"王様",1,2,4,8,16,32
288,"ソラKH3ver.",1,2,4,8,20,36
289,"シャドウ",1,1,,,,3
290,"ゼムナス",1,2,4,8,16,32
291,"アンセム",1,2,4,8,20,36
292,"ビアンカ",1,2,4,8,16,32
293,"フラワー",1,2,4,7,14,29
294,"ダッチェス",1,2,4,8,16,32
295,"ロビンフッド",1,2,4,7,14,29
296,"カメラダンボ",1,2,4,7,14,29
297,"ドクターファシリエ",1,2,4,7,14,29
298,"ホーンドキング",1,2,4,8,20,36
299,"ゴーテル",1,2,4,7,14,29
300,"パルパティーン皇帝",1,2,4,8,16,32
301,"ダースモール",1,2,4,8,16,32
302,"ソー",1,2,4,8,16,32
303,"トニースターク",1,2,4,8,20,36
304,"ハルク",1,2,4,8,16,32
305,"乗馬ソフィア",1,2,4,8,16,32
306,"エレナ",1,2,4,7,14,29
307,"レインボーティンク",1,2,4,8,20,36
308,"ペリウィンクル",1,2,4,8,16,32
309,"シルバーミスト",1,2,4,7,14,29
310,"ロゼッタ",1,2,4,7,14,29
311,"ロマンスジャスミン",1,2,4,8,20,36
312,"ボーピープ",1,2,4,8,20,36
313,"フォーキー",1,2,4,8,16,32
314,"バニー",1,2,4,8,16,32
315,"ハム",1,2,2,3,3,12
316,"パステルアリエル",1,2,4,8,20,36
317,"パステルフランダー",1,2,4,7,14,29
318,"フレディマーキュリー",1,2,4,8,20,36
319,"ブライアンメイ",1,2,4,8,16,32
320,"ロジャーテイラー",1,2,4,8,16,32
321,"ハクナマタタシンバ",1,2,4,8,20,36
322,"ティモン",1,2,4,7,14,29
323,"ラフィキ",1,2,4,8,16,32
324,"ヴェントゥス",1,2,4,8,20,36
325,"テラ",1,2,4,8,20,36
326,"チリシィ",1,2,4,7,14,29
327,"ハニーレモン",1,2,4,8,16,32
328,"フレッド",1,2,4,7,14,29
329,"勇者ミッキー",1,2,4,8,20,36
330,"勇者ドナルド",1,2,4,8,16,32
331,"勇者グーフィー",1,2,4,8,16,32
332,"パックマン",1,2,4,8,20,36
333,"ブリンキー",1,2,4,7,14,29
334,"エンチャンテッドオーロラ",1,2,4,8,16,32
335,"エンチャンテッドシンデレラ",1,2,4,8,16,32
336,"ダンシングジーニー",1,2,4,8,20,36
337,"ほっこりミッキー",1,2,4,7,14,29
338,"ゆるっとドナルド",1,2,4,7,14,29
339,"アドベンチャーエルサ",1,2,4,8,20,36
340,"アドベンチャーアナ",1,2,4,8,16,32
341,"クリストフ",1,2,4,7,14,29
342,"ジェダイトレーニングレイ",1,2,4,8,16,32
343,"最高指導者カイロレン",1,2,4,8,20,36
344,"だるまミッキー",1,2,4,8,16,32
345,"だるまミニー",2,2,3,,,8
346,"フレディ75",1,2,4,8,20,36
347,"ジョンディーコン",1,2,4,8,16,32
348,"アリエル（チャーム）",1,2,4,8,20,36
349,"ベル（チャーム）",1,2,4,8,20,36
350,"ラプンツェル（チャーム）",1,2,4,8,20,36
351,"ジャスミン（チャーム）",1,2,4,8,20,36
352,"ラジャー",1,2,4,7,14,29
353,"MUランドール",1,2,4,8,20,36
354,"レミー",1,2,4,8,16,32
355,"イヴ",1,2,4,7,14,29
356,"フリック",1,2,4,8,16,32
357,"バーリー",1,2,4,8,16,32
358,"イアン",1,2,4,8,20,36
359,"メリーポピンズ",1,2,4,8,20,36
360,"兵士ムーラン",1,2,4,8,16,32
361,"ジゼル",1,2,4,8,16,32
362,"白の女王",1,2,4,8,20,36
363,"ワンダーチェシャ猫",1,2,4,7,14,29
364,"ベンケノービ",1,2,4,8,16,32
365,"マスタールーク",1,2,4,8,20,36
366,"メイスウィンドゥ",1,2,4,8,16,32
367,"アナキンスカイウォーカー",1,2,4,8,20,36
368,"パドメアミダラ",1,2,4,8,16,32
369,"フィン",1,2,4,8,14,30
370,"リロイ",1,2,4,8,20,36
371,"ガントゥ",1,2,4,8,20,36
372,"ハムスターヴィール博士",1,2,4,7,14,29
373,"ワート",1,2,4,8,16,32
374,"マーリン",1,2,4,7,14,29
375,"忍者ミッキー",1,2,4,8,16,32
376,"着物ミニー",1,2,4,7,14,29
377,"エルササラマンダー",1,2,4,8,20,36
378,"お祭りドナルド",1,2,4,7,14,29
379,"ガイコツミゲル",1,2,4,8,16,32
380,"ダンテ",1,2,4,7,14,29
381,"ラグビーミッキー（チャーム）",1,2,4,8,20,36
382,"波乗りスティッチ",1,2,4,7,14,29
383,"ホームランプー",1,2,4,8,16,32
384,"ジョン",1,2,4,7,14,29
385,"ウェンディ",1,2,4,8,16,32
386,"魔女マレフィセント",1,2,4,8,20,36
387,"フロロー",1,2,4,7,14,29
388,"死者の国の神ハデス",1,2,4,8,16,32
389,"マイクサリー",1,2,4,8,20,36
390,"パイレーツソラ",1,2,4,8,16,32
391,"少年ゼアノート",1,2,4,7,14,29
392,"マスカレードラプンツェル",1,2,4,8,20,36
393,"マスカレードシンデレラ",1,2,4,8,16,32
394,"マスカレードエスメラルダ",1,2,4,7,14,29
395,"マスカレードベル",1,2,4,8,20,36
396,"マスカレードメグ",1,2,4,7,14,29
397,"ミッキープルート",1,2,4,8,20,36
398,"コンスタンス",1,2,4,8,16,32
399,"パロット",1,2,4,7,14,29
400,"ヘンリー",1,2,4,8,16,32
401,"おでかけミニー",1,2,,,,4
402,"ウッドチャックドナルド",1,2,4,7,14,29
403,"エリオット",1,2,4,8,16,32
404,"マンダロリアン",1,2,4,8,20,36
405,"ザチャイルド",1,2,4,8,20,36
406,"サンタチップ",1,2,4,7,14,29
407,"トナカイデール",1,1,,,,3
408,"ジョー",1,2,4,8,16,32
409,"22番",1,2,4,8,16,32
410,"クララベルカウ",1,2,4,8,16,32
411,"ロッツォ（チャーム）",1,2,4,8,20,36
412,"シンデレラ青い鳥",1,2,4,8,20,36
413,"だるまドナルド",3,3,3,,,10
414,"シャイニングラプンツェル",1,2,4,8,20,36
415,"悪だくみピート",1,2,4,8,16,32
416,"エージェントP",1,2,4,8,16,32
417,"探検家グーフィー",2,5,7,,,15
418,"ルシファー",1,2,4,7,14,29
419,"オリバー",1,2,4,7,14,29
420,"海の魔女アースラ",1,2,4,8,16,32
421,"イズマ",1,2,4,7,14,29
422,"女王鏡",1,2,4,8,20,36
423,"コブラジャファー",1,2,4,8,16,32
424,"トレメイン夫人",1,2,4,7,14,29
425,"イースターデイジー（チャーム）",1,2,4,8,16,32
426,"イースタークラリス（チャーム）",1,2,4,8,16,32
427,"フラワーティンク（チャーム）",1,2,4,8,20,36
428,"ラーヤ",1,2,4,8,20,36
429,"シスー",1,2,4,8,16,32
430,"大将ミッキー",1,2,4,8,20,36
431,"兜ドナルド",1,2,4,8,16,32
432,"兜グーフィー",1,2,4,8,16,32
433,"お姫様ミニー",2,3,,,,6
434,"侍大将ダースベイダー",1,2,4,8,20,36
435,"足軽ストームトルーパー",1,2,4,7,14,29
436,"ウッディバズ",1,2,4,8,20,36
437,"ライトニングマックィーンFタイプ",1,2,4,8,16,32
438,"ハンク",1,2,4,7,14,29
439,"ヨロコビ",1,2,4,7,14,29
440,"カナシミ",1,2,4,7,14,29
441,"ワンダマキシモフ",1,2,4,8,16,32
442,"ヴィジョン",1,2,4,8,20,36
443,"ロキ",1,2,4,8,20,36
444,"オウル（チャーム）",1,2,4,8,16,32
445,"ピグレット（チャーム）",1,2,4,8,16,32
446,"探偵プー（チャーム）",1,2,4,8,16,32
447,"パレード白雪姫",1,2,4,8,16,32
448,"パレードアリス",1,2,4,8,16,32
449,"アリエルフランダー",1,2,4,8,20,36
450,"スモールワールドミニー",1,2,4,7,14,29
451,"ジャングルクルーズミッキー",1,2,4,7,14,29
452,"グリム",1,2,4,8,16,32
453,"アズールアーシェングロット",1,2,4,8,16,32
454,"リドルローズハート",1,2,4,8,20,36
455,"レオナキングスカラー",1,2,4,8,20,36
456,"カリムアルアジーム",1,2,4,7,14,29
457,"マスカレードマレフィセント",1,2,4,8,20,36
458,"マスカレードハデス",1,2,4,8,16,32
459,"マスカレード女王",1,2,4,8,16,32
460,"マスカレードティアナ",1,2,4,7,14,29
461,"マスカレードオーロラ姫",1,2,4,7,14,29
462,"わんぱくシンバ",1,2,4,7,14,29
463,"ハッピーアナ",1,2,4,8,16,32
464,"フィルハーマジックミッキー",1,2,4,8,20,36
465,"浪人ボバフェット",1,2,4,8,16,32
466,"僧兵ダースモール",1,2,4,8,20,36
467,"スタイリッシュクルエラ",1,2,4,7,14,29
468,"ワイルドガストン",1,2,4,8,16,32
469,"ベル野獣",1,2,4,8,20,36
470,"ホリデースティッチ（チャーム）",1,2,4,8,16,32
471,"ホリデーティンク",1,2,4,8,16,32
472,"プリンセスミニー",1,3,,,,5
473,"プリンセスアリエル",1,2,4,8,20,36
474,"プリンセスジャスミン",1,2,4,8,20,36
475,"プリンセスラプンツェル",1,2,4,8,20,36
476,"シアカーン",1,2,4,8,16,32
477,"パステルドナルドデイジー",1,2,4,8,20,36
478,"パステルグーフィー",1,2,4,7,14,29
479,"パステルミッキー",1,2,4,8,16,32
480,"航海者モアナ",1,2,4,8,16,32
481,"タマトア",1,2,4,8,16,32
482,"笑わせ屋マイク",1,2,4,8,20,36
483,"ブー（チャーム）",1,2,4,8,16,32
484,"ロズ",1,2,4,8,16,32
485,"リトルニック",1,2,4,7,14,29
486,"リトルジュディ",1,2,4,8,16,32
487,"マレウスドラコニア",1,2,4,8,20,36
488,"イデアシュラウド",1,2,4,8,16,32
489,"ヴィルシェーンハイト",1,2,4,8,16,32
490,"ディアクロウリー",1,2,4,7,14,29
491,"闇の鏡",1,2,4,7,14,29
492,"アソーカタノ",1,2,4,8,16,32
493,"オビワンケノービ",1,2,4,8,16,32
494,"パイロットルークR2D2",1,2,4,8,20,36
495,"モンストロ",1,2,4,8,20,36
496,"ロバ耳ピノキオ",1,2,4,7,14,29
497,"カップグーフィー",1,2,4,8,16,32
498,"ひこうきドナルド",1,2,4,8,16,32
499,"イチゴミニー",1,2,4,8,20,36
500,"キャベツミッキー（チャーム）",1,2,4,8,20,36
501,"プライドコレクションアースラ",1,2,4,7,14,29
502,"キャプテンライトイヤー",1,2,4,8,20,36
503,"ソックス",1,2,4,7,14,29
504,"ピクサーランプ",1,2,4,7,14,29
505,"メイリンリー",1,2,4,8,16,32
506,"ルカパグーロ",1,2,4,8,16,32
507,"プリンセスティアナ",1,2,4,8,16,32
508,"プリンセス白雪姫",1,2,4,8,16,32
509,"プリンセスシンデレラ",1,2,4,8,20,36
510,"ミラベル",1,2,4,8,16,32
511,"イサベラ",1,2,4,7,14,29
512,"王様KH3ver.",1,2,4,8,16,32
513,"ダークリク",1,2,4,8,16,32
514,"ソラロクサス",1,2,4,8,20,36
515,"アクセル",1,2,4,7,14,29
516,"ナミネ",1,2,4,7,14,29
517,"強欲な悪女クルエラ",1,2,4,8,16,32
518,"悪辣な暴君ハートの女王",1,2,4,8,16,32
519,"謀略の大臣ジャファー",1,2,4,8,20,36
520,"狡猾な海賊フック船長（チャーム）",1,2,4,8,16,32
521,"ギデオン",1,2,4,7,14,29
522,"正直ジョン",1,2,4,8,16,32
523,"レスキューレンジャーガジェット",1,2,4,8,16,32
524,"レスキューレンジャーデール（チャーム）",1,2,4,8,20,36
525,"レスキューレンジャーチップ（チャーム）",1,2,4,8,20,36
526,"カジモド",1,2,4,7,14,29
527,"踊り子エスメラルダ",1,2,4,8,16,32
528,"ラプンツェルパスカル",1,2,4,8,20,36
529,"お尋ね者フリンライダー",1,2,4,7,14,29
530,"悪女ゴーテル",1,2,4,8,16,32
531,"スターミッキー",1,2,4,8,16,32
532,"スタードナルド",1,1,1,1,1,6
533,"スターミニー",1,2,4,8,16,32
534,"スターデイジー",1,2,4,7,14,29
535,"緑炎の魔獣マレフィセントドラゴン",1,2,4,8,20,36
536,"星の女神ブルーフェアリー",1,2,4,8,20,36
537,"ラブリーティンク",1,2,4,8,16,32
538,"ラブリークラリス",1,2,4,7,14,29
539,"ラブリースティッチエンジェル",1,2,4,8,20,36
540,"ジャックドーソン",1,2,4,8,20,36
541,"ローズDブケイター",1,2,4,8,16,32
542,"フラワーオーロラ姫（チャーム）",1,2,4,8,16,32
543,"フラワー白雪姫（チャーム）",1,2,4,8,16,32
544,"フラワーシンデレラ（チャーム）",1,2,4,8,20,36
545,"ジェイクサリー",1,2,4,8,20,36
546,"ネイティリ",1,2,4,7,14,29
547,"ジェイドリーチ",1,2,4,8,20,36
548,"フロイドリーチ",1,2,4,8,20,36
549,"ヴァネッサ",1,2,4,8,16,32
550,"トランプ兵",1,2,4,7,14,29
551,"デューススペード",1,2,4,8,16,32
552,"エーストラッポラ",1,2,4,8,16,32
553,"ドゥークー伯爵",1,2,4,8,16,32
554,"グリーヴァス将軍",1,2,4,8,16,32
555,"ベイダー卿ストームトルーパー",1,2,4,8,20,36
556,"キャプテンファズマ",1,2,4,8,16,32
557,"激昂のカイロレン",1,2,4,8,20,36
558,"スパイダーグウェン",1,2,4,8,16,32
559,"スパイダーマン2099",1,2,4,8,16,32
560,"スパイダーマンマイルスモラレス",1,2,4,8,20,36
561,"パワフルトリトン王",1,2,4,7,14,29
562,"アドベンチャーアリエル",1,2,4,8,20,36
563,"探検家スクルージ",1,2,4,7,14,29
564,"探検家ドナルド",1,2,4,8,16,32
565,"インディジョーンズ",1,2,4,8,20,36
566,"キーダ",1,2,4,8,20,36
567,"マイロ",1,2,4,8,16,32
568,Disney100R2D2,1,2,4,7,14,29
569,"Disney100ミッキードナルド",1,2,4,8,20,36
570,"Disney100アイアンマン",1,2,4,8,20,36
571,"Disney100白雪姫",1,2,4,7,14,29
572,"Disney100ウッディ",1,2,4,8,16,32
573,"スケアリードレスマレウス",1,2,4,8,20,36
574,"なりきり花婿リドル（チャーム）",1,2,4,8,16,32
575,"ビーンズカモアズール",1,2,4,8,16,32
576,"ガラクチュールレオナ",1,2,4,8,20,36
577,"星送りの衣イデア（チャーム）",1,2,4,7,14,29
578,"闇夜の魔人チェルナボーグ",1,2,4,8,20,36
579,"陰謀の策士スカー",1,2,4,8,16,32
580,"憎悪の后女王",1,2,4,8,16,32
581,"マスカレードアースラ",1,2,4,8,16,32
582,"マスカレードトレメイン夫人",1,2,4,7,14,29
583,"エレガントティアナ",1,2,4,7,14,29
584,"エレガントアリエル",1,2,4,8,16,32
585,"エレガントラプンツェル",1,2,4,8,20,36
586,"ウェイド",1,2,4,8,16,32
587,"エンバー",1,2,4,8,16,32
588,"サンディクローズ",1,2,4,8,16,32
589,"ジャックサリー",1,2,4,8,20,36
590,"アーシャ",1,2,4,8,20,36
591,"フェスティバルミニー",1,2,4,8,16,32
592,"フェスティバルミッキー",1,1,2,3,5,13
593,"ムーシュー",1,2,4,7,14,29
594,"フェスティバルプー",1,2,4,8,16,32
595,"フェスティバルスティッチ",1,2,4,8,16,32
596,"カラフルミッキーフレンズ",1,2,4,8,20,36
597,"ウィンタークリストフ",1,2,4,7,14,29
598,"ウィンターアナ",1,2,4,8,16,32
599,"エルサオラフ",1,2,4,8,20,36
600,"マシュマロウ",1,2,4,7,14,29
601,"ハンス王子",1,2,4,8,16,32
602,"パフュームダンボ（チャーム）",1,2,4,8,16,32
603,"パフュームマリー（チャーム）",1,2,4,8,16,32
604,"パフュームアリス（チャーム）",1,2,4,8,20,36
605,"さくらデイジー",1,2,4,7,14,29
606,"さくらミニー",1,2,4,8,16,32
607,"式典服グリム",1,2,4,7,14,29
608,"ビーンズカモヴィル",1,2,4,8,20,36
609,"ガラクチュールカリム（チャーム）",1,2,4,8,16,32
610,"ルークハント",1,2,4,8,16,32
611,"ジャミルバイパー",1,2,4,8,20,36
612,"スターウォーズライトサイド",1,2,4,8,20,36
613,"ジャバザハット",1,2,4,8,16,32
614,"ボバフェット",1,2,4,8,16,32
615,"ポッドレーサーアナキン",1,2,4,7,14,29
616,"クワイガンジン",1,2,4,8,20,36
617,"弓使いデイジー",1,2,4,8,16,32
618,"魔法使いクラリス",1,2,4,8,16,32
619,"勇者ミニー",1,2,4,8,20,36
620,"レインコートクリストファーロビン",1,2,4,7,14,29
621,"レインコートプー",1,2,4,8,16,32
622,"クッキーアン",1,2,4,8,16,32
623,"ジェラトーニ",1,2,4,8,16,32
624,"ダッフィー",1,2,4,8,20,36
625,"ステラルー",1,2,4,8,16,32
626,"オルメル",1,2,4,8,16,32
627,"ミッキーダッフィー",1,2,4,8,20,36
628,"リーナベル",1,2,4,8,16,32
629,"シェリーメイ",1,2,4,8,16,32
630,"ソーイングミニー",1,2,4,8,16,32
631,"お絵描きラプンツェル",1,2,4,8,20,36
632,"読書家ベル",1,2,4,8,16,32
633,"レストランオーナーティアナ",1,2,4,8,16,32
634,"オータムティンカーベル",1,2,4,8,16,32
635,"チーズ",1,2,4,7,14,29
636,"モンスターズインク",1,2,4,8,20,36
637,"ヴァンパイアミッキー",1,2,4,8,16,32
638,"デビルドナルド",1,1,2,3,3,11
639,"ネジ頭ピート",1,2,4,8,16,32
640,"ワイルドファンググーフィー",1,2,4,7,14,29
641,"マグニフィコ王",1,2,4,8,20,36
642,"エルネストデラクルス",1,2,4,8,16,32
643,"キャンディ大王",1,2,4,7,14,29
644,"ベルウェザー副市長",1,2,4,7,14,29
645,"カイジン",1,2,4,8,16,32
646,"ベイマックス2.0ヒロ",1,2,4,8,20,36
647,"ベイマックスモチ",1,2,4,7,14,29
648,"ワサビ",1,2,4,8,16,32
649,"ゴーゴー",1,2,4,8,16,32
650,"ストリートスタイルミッキー",1,1,2,2,3,10
651,"カー",1,2,4,7,14,29
652,"ストリートスタイルスティッチ",1,2,4,8,20,36
653,"ストリートスタイルエンジェル",1,2,4,8,16,32
654,"ストリートスタイルミニー",1,2,4,8,16,32
655,"アラジンジーニー",1,2,4,8,20,36
656,"おしのびジャスミン",1,2,4,7,14,29
657,"魔法の洞窟",1,2,4,8,20,36
658,"イアーゴ",1,2,4,7,14,29
659,"邪悪なジャファー",1,2,4,8,16,32
660,"船長ピーターパン",1,2,4,8,20,36
661,"最終決戦フック船長",1,2,4,8,16,32
662,"スミー",1,2,4,8,16,32
663,"チェシャ猫（チャーム）",1,2,4,8,20,36
664,"マッドハッター（チャーム）",1,2,4,8,16,32
665,"白うさぎ（チャーム）",1,2,4,7,14,29
666,"怒りのハートの女王",1,2,4,8,16,32
667,"スノーク",1,2,4,8,16,32
668,"エリートプレトリアンガード",1,2,4,7,14,29
669,"ポーダメロン",1,2,4,8,16,32
670,"レイBB8",1,2,4,8,20,36
